Year,SERIES,Reference area,Degree of urbanisation,Occupation,UNIT_MEASURE,GeoCode,Value
2015,"Health worker distribution, by sex and type of occupation [3.c.1]",,,,"Per 1,000 population",,3.03
2018,"Health worker distribution, by sex and type of occupation [3.c.1]",,Urban,,"Per 1,000 population",,7.76
2018,"Health worker distribution, by sex and type of occupation [3.c.1]",,Rural,,"Per 1,000 population",,2.43
2019,"Health worker distribution, by sex and type of occupation [3.c.1]",,,Medical doctors,"Per 1,000 population",,0.77
2020,"Health worker distribution, by sex and type of occupation [3.c.1]",,,Nursing personnel,"Per 1,000 population",,1.24
