Year,SERIES,Reference area,Sex,Age,UNIT_MEASURE,GeoCode,Value
2015,Proportion of population achieving at least a fixed level of proficiency in functional skills [4.6.1],,,15 years old and over,Percent,,84.7
2015,Proportion of population achieving at least a fixed level of proficiency in functional skills [4.6.1],,Male,15 years old and over,Percent,,90.0
2015,Proportion of population achieving at least a fixed level of proficiency in functional skills [4.6.1],,Female,15 years old and over,Percent,,79.4
2015,Proportion of population achieving at least a fixed level of proficiency in functional skills [4.6.1],,,15 to 19 years old,Percent,,93.3
2015,Proportion of population achieving at least a fixed level of proficiency in functional skills [4.6.1],,Male,15 to 19 years old,Percent,,94.8
2015,Proportion of population achieving at least a fixed level of proficiency in functional skills [4.6.1],,Female,15 to 19 years old,Percent,,90.5
2015,Proportion of population achieving at least a fixed level of proficiency in functional skills [4.6.1],,,20 to 24 years old,Percent,,91.6
2015,Proportion of population achieving at least a fixed level of proficiency in functional skills [4.6.1],,Male,20 to 24 years old,Percent,,94.0
2015,Proportion of population achieving at least a fixed level of proficiency in functional skills [4.6.1],,Female,20 to 24 years old,Percent,,89.2
