Year,SERIES,ເຂດອ້າງອີງ,UNIT_MEASURE,GeoCode,Value
2017,ອັດຕາສ່ວນຂອງປະຊາກອນທີ່ອາໄສຢູ່ໃນຄົວເຮືອນທີ່ມີການເຂົ້າເຖິງໂຮງຮຽນມັດທະຍົມ [1.4.1],,ເປີເຊັນ,,83.1
2017,ອັດຕາສ່ວນຂອງປະຊາກອນທີ່ອາໄສຢູ່ໃນຄົວເຮືອນທີ່ມີການເຂົ້າເຖິງການບໍລິການສຸຂະພາບ [1.4.1],,ເປີເຊັນ,,74.3
2017,ອັດຕາສ່ວນຂອງປະຊາກອນທີ່ອາໄສຢູ່ໃນຄົວເຮືອນທີ່ມີການເຂົ້າເຖິງນ້ໍາທີ່ດີຂຶ້ນ [1.4.1],,ເປີເຊັນ,,78.1
2017,ອັດຕາສ່ວນຂອງປະຊາກອນທີ່ອາໄສຢູ່ໃນຄົວເຮືອນທີ່ມີການເຂົ້າເຖິງeletricity [1.4.1],,ເປີເຊັນ,,93.4
2017,ອັດຕາສ່ວນຂອງປະຊາກອນທີ່ອາໄສຢູ່ໃນຄົວເຮືອນທີ່ມີການເຂົ້າເຖິງເສັ້ນທາງຕະຫຼອດລະດູການ [1.4.1],,ເປີເຊັນ,,83.4
