Year,SERIES,ເຂດອ້າງອີງ,ປະເພດຜະລິດຕະພັນ,UNIT_MEASURE,GeoCode,Value
2015,,,,Metric Tons,,4102000
2016,,,,Metric Tons,,4148800
2017,,,,Metric Tons,,4055409
2018,,,,Metric Tons,,3279110
2019,,,,Metric Tons,,3534499
2015,,,ເຂົ້າ,Metric Tons,,282185
2016,,,ເຂົ້າ,Metric Tons,,284500
2017,,,ເຂົ້າ,Metric Tons,,236825
2018,,,ເຂົ້າ,Metric Tons,,168875
2019,,,ເຂົ້າ,Metric Tons,,277450
2015,,,ສາລີ,Metric Tons,,384712
2016,,,ສາລີ,Metric Tons,,387185
2017,,,ສາລີ,Metric Tons,,264245
2018,,,ສາລີ,Metric Tons,,185665
2019,,,ສາລີ,Metric Tons,,289190
2015,,,ຜັກ,Metric Tons,,1683405
2016,,,ຜັກ,Metric Tons,,1690900
2017,,,ຜັກ,Metric Tons,,1436545
2018,,,ຜັກ,Metric Tons,,1310035
2019,,,ຜັກ,Metric Tons,,1862290
2015,,,ຊີ້ນ ແລະ ປາ,Metric Tons,,1361065
2016,,,ຊີ້ນ ແລະ ປາ,Metric Tons,,1383455
2017,,,ຊີ້ນ ແລະ ປາ,Metric Tons,,1537735
2018,,,ຊີ້ນ ແລະ ປາ,Metric Tons,,1145690
2019,,,ຊີ້ນ ແລະ ປາ,Metric Tons,,1323185
