Year,SERIES,ເຂດອ້າງອີງ,UNIT_MEASURE,GeoCode,Value
2015,"ພະຍາດໄຂ້ມາເລເຣຍຕໍ່ 1,000 ຄົນທີ່ມີຄວາມສ່ຽງ [3.3.3]",,"ຕໍ່ 1,000 ຄົນ",,4.9
2016,"ພະຍາດໄຂ້ມາເລເຣຍຕໍ່ 1,000 ຄົນທີ່ມີຄວາມສ່ຽງ [3.3.3]",,"ຕໍ່ 1,000 ຄົນ",,7.8
2017,"ພະຍາດໄຂ້ມາເລເຣຍຕໍ່ 1,000 ຄົນທີ່ມີຄວາມສ່ຽງ [3.3.3]",,"ຕໍ່ 1,000 ຄົນ",,5.6
2018,"ພະຍາດໄຂ້ມາເລເຣຍຕໍ່ 1,000 ຄົນທີ່ມີຄວາມສ່ຽງ [3.3.3]",,"ຕໍ່ 1,000 ຄົນ",,4.2
