Year,SERIES,ເຂດອ້າງອີງ,UNIT_MEASURE,GeoCode,Value
2015,"ຈໍາ ນວນ ຜູ້ ຕິດ ເຊື້ອ HIV ໃຫມ່ ຕໍ່ 1,000 ຄົນ ທີ່ ບໍ່ ຕິດ ເຊື້ອ [3.3.1]",,ເລກທີ,,550
2016,"ຈໍາ ນວນ ຜູ້ ຕິດ ເຊື້ອ HIV ໃຫມ່ ຕໍ່ 1,000 ຄົນ ທີ່ ບໍ່ ຕິດ ເຊື້ອ [3.3.1]",,ເລກທີ,,870
2017,"ຈໍາ ນວນ ຜູ້ ຕິດ ເຊື້ອ HIV ໃຫມ່ ຕໍ່ 1,000 ຄົນ ທີ່ ບໍ່ ຕິດ ເຊື້ອ [3.3.1]",,ເລກທີ,,830
2018,"ຈໍາ ນວນ ຜູ້ ຕິດ ເຊື້ອ HIV ໃຫມ່ ຕໍ່ 1,000 ຄົນ ທີ່ ບໍ່ ຕິດ ເຊື້ອ [3.3.1]",,ເລກທີ,,810
2019,"ຈໍາ ນວນ ຜູ້ ຕິດ ເຊື້ອ HIV ໃຫມ່ ຕໍ່ 1,000 ຄົນ ທີ່ ບໍ່ ຕິດ ເຊື້ອ [3.3.1]",,ເລກທີ,,780
2015,_L_LA_030301_01,,ເປີເຊັນ,,32
2016,_L_LA_030301_01,,ເປີເຊັນ,,39
2017,_L_LA_030301_01,,ເປີເຊັນ,,47
2018,_L_LA_030301_01,,ເປີເຊັນ,,50
2019,_L_LA_030301_01,,ເປີເຊັນ,,56
