Year,SERIES,ເຂດອ້າງອີງ,ລະດັບການເມືອງ,ອາຊີບ,UNIT_MEASURE,GeoCode,Value
2015,"ການແຈກຢາຍພະນັກງານສຸຂະພາບ, ໂດຍເພດ ແລະ ປະເພດອາຊີບ [3.c.1]",,,,"ຕໍ່ 1,000 ຄົນ",,3.03
2018,"ການແຈກຢາຍພະນັກງານສຸຂະພາບ, ໂດຍເພດ ແລະ ປະເພດອາຊີບ [3.c.1]",,ຕົວເມືອງ,,"ຕໍ່ 1,000 ຄົນ",,7.76
2018,"ການແຈກຢາຍພະນັກງານສຸຂະພາບ, ໂດຍເພດ ແລະ ປະເພດອາຊີບ [3.c.1]",,ຊົນນະບົດ,,"ຕໍ່ 1,000 ຄົນ",,2.43
2019,"ການແຈກຢາຍພະນັກງານສຸຂະພາບ, ໂດຍເພດ ແລະ ປະເພດອາຊີບ [3.c.1]",,,ແພດຫມໍ,"ຕໍ່ 1,000 ຄົນ",,0.77
2020,"ການແຈກຢາຍພະນັກງານສຸຂະພາບ, ໂດຍເພດ ແລະ ປະເພດອາຊີບ [3.c.1]",,,ພະນັກງານພະຍາບານ,"ຕໍ່ 1,000 ຄົນ",,1.24
