Year,SERIES,ເຂດອ້າງອີງ,ອາຍຸ,UNIT_MEASURE,GeoCode,Value
2015,_L_LA_040203_01,,0-2 ປີ,ເປີເຊັນ,,3.7
2015,_L_LA_040203_01,,ອາຍຸ 3-4 ປີ,ເປີເຊັນ,,31.5
2016,_L_LA_040203_01,,0-2 ປີ,ເປີເຊັນ,,4.1
2016,_L_LA_040203_01,,ອາຍຸ 3-4 ປີ,ເປີເຊັນ,,37.3
2017,_L_LA_040203_01,,0-2 ປີ,ເປີເຊັນ,,4.4
2017,_L_LA_040203_01,,ອາຍຸ 3-4 ປີ,ເປີເຊັນ,,41.4
2018,_L_LA_040203_01,,0-2 ປີ,ເປີເຊັນ,,4.7
2018,_L_LA_040203_01,,ອາຍຸ 3-4 ປີ,ເປີເຊັນ,,45.0
