Year,SERIES,ເຂດອ້າງອີງ,ເພດ,ອາຍຸ,UNIT_MEASURE,GeoCode,Value
2015,ອັດຕາສ່ວນຂອງປະຊາກອນທີ່ບັນລຸໄດ້ຢ່າງຫນ້ອຍລະດັບຄວາມຊໍານິຊໍານານໃນການເຮັດວຽກ [4.6.1],,,15 ປີແລະຫຼາຍກວ່າ,ເປີເຊັນ,,84.7
2015,ອັດຕາສ່ວນຂອງປະຊາກອນທີ່ບັນລຸໄດ້ຢ່າງຫນ້ອຍລະດັບຄວາມຊໍານິຊໍານານໃນການເຮັດວຽກ [4.6.1],,ຜູ້ຊາຍ,15 ປີແລະຫຼາຍກວ່າ,ເປີເຊັນ,,90.0
2015,ອັດຕາສ່ວນຂອງປະຊາກອນທີ່ບັນລຸໄດ້ຢ່າງຫນ້ອຍລະດັບຄວາມຊໍານິຊໍານານໃນການເຮັດວຽກ [4.6.1],,ຜູ້ຍິງ,15 ປີແລະຫຼາຍກວ່າ,ເປີເຊັນ,,79.4
2015,ອັດຕາສ່ວນຂອງປະຊາກອນທີ່ບັນລຸໄດ້ຢ່າງຫນ້ອຍລະດັບຄວາມຊໍານິຊໍານານໃນການເຮັດວຽກ [4.6.1],,,15 ຫາ 19 ປີ,ເປີເຊັນ,,93.3
2015,ອັດຕາສ່ວນຂອງປະຊາກອນທີ່ບັນລຸໄດ້ຢ່າງຫນ້ອຍລະດັບຄວາມຊໍານິຊໍານານໃນການເຮັດວຽກ [4.6.1],,ຜູ້ຊາຍ,15 ຫາ 19 ປີ,ເປີເຊັນ,,94.8
2015,ອັດຕາສ່ວນຂອງປະຊາກອນທີ່ບັນລຸໄດ້ຢ່າງຫນ້ອຍລະດັບຄວາມຊໍານິຊໍານານໃນການເຮັດວຽກ [4.6.1],,ຜູ້ຍິງ,15 ຫາ 19 ປີ,ເປີເຊັນ,,90.5
2015,ອັດຕາສ່ວນຂອງປະຊາກອນທີ່ບັນລຸໄດ້ຢ່າງຫນ້ອຍລະດັບຄວາມຊໍານິຊໍານານໃນການເຮັດວຽກ [4.6.1],,,20 ຫາ 24 ປີ,ເປີເຊັນ,,91.6
2015,ອັດຕາສ່ວນຂອງປະຊາກອນທີ່ບັນລຸໄດ້ຢ່າງຫນ້ອຍລະດັບຄວາມຊໍານິຊໍານານໃນການເຮັດວຽກ [4.6.1],,ຜູ້ຊາຍ,20 ຫາ 24 ປີ,ເປີເຊັນ,,94.0
2015,ອັດຕາສ່ວນຂອງປະຊາກອນທີ່ບັນລຸໄດ້ຢ່າງຫນ້ອຍລະດັບຄວາມຊໍານິຊໍານານໃນການເຮັດວຽກ [4.6.1],,ຜູ້ຍິງ,20 ຫາ 24 ປີ,ເປີເຊັນ,,89.2
