Year,SERIES,ເຂດອ້າງອີງ,UNIT_MEASURE,GeoCode,Value
2016,"ເປີເຊັນຂອງແມ່ຍິງໃນການຕັດສິນໃຈຕໍາແຫນ່ງ/ຕໍາແຫນ່ງຜູ້ນໍາໃນຂະແຫນງການລັດຖະບານ ໂດຍພາກກາງ, ແຂວງ ແລະ ທ້ອງຖິ່ນ ໃນ positions_Deputy ຫົວຫນ້າພະແນກດັ່ງຕໍ່ໄປນີ້",,ເປີເຊັນ,,22.96
2016,"ເປີເຊັນຂອງແມ່ຍິງໃນການຕັດສິນໃຈຕໍາແຫນ່ງ/ຕໍາແຫນ່ງຜູ້ນໍາໃນຂະແຫນງການລັດຖະບານ ໂດຍພາກກາງ, ແຂວງ ແລະ ທ້ອງຖິ່ນ ໃນ positions_ ຫົວຫນ້າພະແນກດັ່ງຕໍ່ໄປນີ້",,ເປີເຊັນ,,17.79
2016,"ເປີເຊັນຂອງແມ່ຍິງໃນການຕັດສິນໃຈເອົາຕໍາແຫນ່ງ/ຕໍາແຫນ່ງຜູ້ນໍາໃນຂະແຫນງການລັດຖະບານ ໂດຍພາກກາງ, ແຂວງ ແລະ ທ້ອງຖິ່ນ ໃນ positions_Deputy ພະແນກດັ່ງຕໍ່ໄປນີ້",,ເປີເຊັນ,,16.03
2016,"ເປີເຊັນຂອງແມ່ຍິງໃນການຕັດສິນໃຈເອົາຕໍາແຫນ່ງ/ຕໍາແຫນ່ງຜູ້ນໍາໃນຂະແຫນງການລັດຖະບານ ໂດຍສູນກາງ, ແຂວງ ແລະ ທ້ອງຖິ່ນ ໃນ positions_Department General ຕໍ່ໄປນີ້",,ເປີເຊັນ,,15.26
2016,ເປີເຊັນຂອງແມ່ຍິງທີ່ເປັນຫົວຫນ້າຫມູ່ບ້ານ,,ເປີເຊັນ,,2.67
2016,ເປີເຊັນຂອງແມ່ຍິງທີ່ເປັນຮອງຫົວຫນ້າຫມູ່ບ້ານ,,ເປີເຊັນ,,11.61
2018,ເປີເຊັນຂອງແມ່ຍິງທີ່ເປັນຫົວຫນ້າຫມູ່ບ້ານ,,ເປີເຊັນ,,2.35
2018,ເປີເຊັນຂອງແມ່ຍິງທີ່ເປັນຮອງຫົວຫນ້າຫມູ່ບ້ານ,,ເປີເຊັນ,,11.82
