Year,SERIES,ເຂດອ້າງອີງ,ເພດ,UNIT_MEASURE,GeoCode,Value
2015,"ສ່ວນຂອງການຈ້າງງານແບບບໍ່ເປັນທາງການ, ໂດຍຂະແຫນງການ ແລະ ເພດສໍາພັນ (ILO harmonized estimates) [8.3.1]",,,ເປີເຊັນ,,80.8
2015,"ສ່ວນຂອງການຈ້າງງານແບບບໍ່ເປັນທາງການ, ໂດຍຂະແຫນງການ ແລະ ເພດສໍາພັນ (ILO harmonized estimates) [8.3.1]",,ຜູ້ຊາຍ,ເປີເຊັນ,,0.754
2015,"ສ່ວນຂອງການຈ້າງງານແບບບໍ່ເປັນທາງການ, ໂດຍຂະແຫນງການ ແລະ ເພດສໍາພັນ (ILO harmonized estimates) [8.3.1]",,ຜູ້ຍິງ,ເປີເຊັນ,,0.866
2017,"ສ່ວນຂອງການຈ້າງງານແບບບໍ່ເປັນທາງການ, ໂດຍຂະແຫນງການ ແລະ ເພດສໍາພັນ (ILO harmonized estimates) [8.3.1]",,,ເປີເຊັນ,,66.5
2017,"ສ່ວນຂອງການຈ້າງງານແບບບໍ່ເປັນທາງການ, ໂດຍຂະແຫນງການ ແລະ ເພດສໍາພັນ (ILO harmonized estimates) [8.3.1]",,ຜູ້ຊາຍ,ເປີເຊັນ,,19.97
2017,"ສ່ວນຂອງການຈ້າງງານແບບບໍ່ເປັນທາງການ, ໂດຍຂະແຫນງການ ແລະ ເພດສໍາພັນ (ILO harmonized estimates) [8.3.1]",,ຜູ້ຍິງ,ເປີເຊັນ,,46.53
