Year,SERIES,ເຂດອ້າງອີງ,ເພດ,UNIT_MEASURE,GeoCode,Value
2015,"ອັດຕາສ່ວນຂອງໄວຫນຸ່ມທີ່ບໍ່ຢູ່ໃນການສຶກສາ, ການຈ້າງງານ ຫຼື ການຝຶກອົບຮົມ [8.6.1]",,,ເປີເຊັນ,,18.5
2015,"ອັດຕາສ່ວນຂອງໄວຫນຸ່ມທີ່ບໍ່ຢູ່ໃນການສຶກສາ, ການຈ້າງງານ ຫຼື ການຝຶກອົບຮົມ [8.6.1]",,ຜູ້ຊາຍ,ເປີເຊັນ,,8.44
2015,"ອັດຕາສ່ວນຂອງໄວຫນຸ່ມທີ່ບໍ່ຢູ່ໃນການສຶກສາ, ການຈ້າງງານ ຫຼື ການຝຶກອົບຮົມ [8.6.1]",,ຜູ້ຍິງ,ເປີເຊັນ,,10.06
2017,"ອັດຕາສ່ວນຂອງໄວຫນຸ່ມທີ່ບໍ່ຢູ່ໃນການສຶກສາ, ການຈ້າງງານ ຫຼື ການຝຶກອົບຮົມ [8.6.1]",,,ເປີເຊັນ,,16.11
2017,"ອັດຕາສ່ວນຂອງໄວຫນຸ່ມທີ່ບໍ່ຢູ່ໃນການສຶກສາ, ການຈ້າງງານ ຫຼື ການຝຶກອົບຮົມ [8.6.1]",,ຜູ້ຊາຍ,ເປີເຊັນ,,7.83
2017,"ອັດຕາສ່ວນຂອງໄວຫນຸ່ມທີ່ບໍ່ຢູ່ໃນການສຶກສາ, ການຈ້າງງານ ຫຼື ການຝຶກອົບຮົມ [8.6.1]",,ຜູ້ຍິງ,ເປີເຊັນ,,8.28
